{
	"payload": "[{\"type\":\"data/selectFirstCity\",\"payload\":\"Madrid\"},{\"type\":\"data/selectFirstCity\",\"payload\":\"Madrid\"},{\"type\":\"data/selectFirstCity\",\"payload\":\"Frankfurt\"},{\"type\":\"data/selectSecondCity\",\"payload\":\"Amsterdam\"},{\"type\":\"data/build\",\"payload\":{\"i\":0,\"j\":0,\"color\":\"white\"}},{\"type\":\"data/drawCardToBoard\",\"payload\":{\"idx\":2,\"color\":\"Red\"}},{\"type\":\"data/drawCardToBoard\",\"payload\":{\"idx\":2,\"color\":\"Red\"}},{\"type\":\"data/drawCardToBoard\",\"payload\":{\"idx\":3,\"color\":\"Orange\"}},{\"type\":\"data/drawCardToBoard\",\"payload\":{\"idx\":2,\"color\":\"Black\"}},{\"type\":\"data/selectFirstCity\",\"payload\":\"Sochi\"},{\"type\":\"data/selectSecondCity\",\"payload\":\"Erzurum\"},{\"type\":\"data/build\",\"payload\":{\"i\":0,\"j\":0,\"color\":\"red\"}},{\"type\":\"data/drawCardToBoard\",\"payload\":{\"idx\":2,\"color\":\"Blue\"}},{\"type\":\"data/drawCardToBoard\",\"payload\":{\"idx\":1,\"color\":\"Blue\"}},{\"type\":\"data/drawCardToBoard\",\"payload\":{\"idx\":2,\"color\":\"Red\"}},{\"type\":\"data/drawCardToBoard\",\"payload\":{\"idx\":1,\"color\":\"Red\"}},{\"type\":\"data/selectFirstCity\",\"payload\":\"Budapest\"},{\"type\":\"data/selectSecondCity\",\"payload\":\"Zagrab\"},{\"type\":\"data/build\",\"payload\":{\"i\":0,\"j\":0,\"color\":\"orange\"}},{\"type\":\"data/selectFirstCity\",\"payload\":\"Budapest\"},{\"type\":\"data/selectSecondCity\",\"payload\":\"Wien\"},{\"type\":\"data/build\",\"payload\":{\"i\":0,\"j\":0,\"color\":\"red\"}},{\"type\":\"data/selectFirstCity\",\"payload\":\"Sevastopol\"},{\"type\":\"data/selectFirstCity\",\"payload\":\"Sevastopol\"},{\"type\":\"data/selectFirstCity\",\"payload\":\"Rostov\"},{\"type\":\"data/selectSecondCity\",\"payload\":\"Sochi\"},{\"type\":\"data/build\"},{\"type\":\"data/selectSecondCity\",\"payload\":\"Sochi\"},{\"type\":\"data/build\",\"payload\":{\"i\":0,\"j\":0,\"color\":\"gray\"}},{\"type\":\"data/drawCardToBoard\",\"payload\":{\"idx\":3,\"color\":\"White\"}},{\"type\":\"data/drawCardToBoard\",\"payload\":{\"idx\":4,\"color\":\"White\"}},{\"type\":\"data/drawCardToBoard\",\"payload\":{\"idx\":4,\"color\":\"Yellow\"}},{\"type\":\"data/drawCardToBoard\",\"payload\":{\"idx\":1,\"color\":\"Red\"}},{\"type\":\"data/selectFirstCity\",\"payload\":\"Brindisi\"},{\"type\":\"data/selectSecondCity\",\"payload\":\"Roma\"},{\"type\":\"data/build\",\"payload\":{\"i\":0,\"j\":0,\"color\":\"white\"}},{\"type\":\"data/selectFirstCity\",\"payload\":\"Zurich\"},{\"type\":\"data/selectSecondCity\",\"payload\":\"Munchen\"},{\"type\":\"data/build\",\"payload\":{\"i\":0,\"j\":0,\"color\":\"yellow\"}},{\"type\":\"data/drawCardToBoard\",\"payload\":{\"idx\":1,\"color\":\"Purple\"}},{\"type\":\"data/drawCardToBoard\",\"payload\":{\"idx\":0,\"color\":\"Purple\"}},{\"type\":\"data/selectFirstCity\",\"payload\":\"Roma\"},{\"type\":\"data/selectSecondCity\",\"payload\":\"Venezia\"},{\"type\":\"data/build\",\"payload\":{\"i\":0,\"j\":0,\"color\":\"black\"}},{\"type\":\"data/selectFirstCity\",\"payload\":\"Sarajevo\"},{\"type\":\"data/selectSecondCity\",\"payload\":\"Budapest\"},{\"type\":\"data/build\",\"payload\":{\"i\":0,\"j\":0,\"color\":\"purple\"}},{\"type\":\"data/drawCardToBoard\",\"payload\":{\"idx\":1,\"color\":\"Orange\"}},{\"type\":\"data/drawCardToBoard\",\"payload\":{\"idx\":3,\"color\":\"Purple\"}}]",
	"preloadedState": "{\"data\":{\"colors\":[\"Purple\",\"Green\",\"Blue\",\"Yellow\",\"Red\",\"Joker\",\"Orange\",\"White\",\"Black\"],\"playerCount\":2,\"playerHands\":[[{\"color\":\"Purple\",\"count\":2},{\"color\":\"Green\",\"count\":1},{\"color\":\"Blue\",\"count\":1},{\"color\":\"Yellow\",\"count\":0},{\"color\":\"Red\",\"count\":1},{\"color\":\"Joker\",\"count\":0},{\"color\":\"Orange\",\"count\":0},{\"color\":\"White\",\"count\":0},{\"color\":\"Black\",\"count\":0}],[{\"color\":\"Purple\",\"count\":1},{\"color\":\"Green\",\"count\":0},{\"color\":\"Blue\",\"count\":1},{\"color\":\"Yellow\",\"count\":1},{\"color\":\"Red\",\"count\":1},{\"color\":\"Joker\",\"count\":0},{\"color\":\"Orange\",\"count\":2},{\"color\":\"White\",\"count\":3},{\"color\":\"Black\",\"count\":1}]],\"trainCards\":[\"Red\",\"Black\",\"White\",\"Blue\",\"Red\",\"Red\",\"Joker\",\"Red\",\"Blue\",\"Yellow\",\"Green\",\"Joker\",\"Purple\",\"Purple\",\"Black\",\"Purple\",\"Joker\",\"Orange\",\"Black\",\"Blue\",\"Orange\",\"Red\",\"Green\",\"Green\",\"Black\",\"Green\",\"Green\",\"Purple\",\"Green\",\"Orange\",\"Purple\",\"Green\",\"White\",\"Yellow\",\"Red\",\"Yellow\",\"Blue\"],\"destinations\":[{\"id\":\"26\",\"from\":\"21\",\"to\":\"39\",\"fromCity\":\"Kyiv\",\"toCity\":\"Sochi\",\"value\":\"8\"},{\"id\":\"18\",\"from\":\"35\",\"to\":\"36\",\"fromCity\":\"Sarajevo\",\"toCity\":\"Sevastopol\",\"value\":\"8\"},{\"id\":\"5\",\"from\":\"40\",\"to\":\"38\",\"fromCity\":\"Sofia\",\"toCity\":\"Smyrna\",\"value\":\"5\"},{\"id\":\"16\",\"from\":\"33\",\"to\":\"38\",\"fromCity\":\"Roma\",\"toCity\":\"Smyrna\",\"value\":\"8\"},{\"id\":\"42\",\"from\":\"6\",\"to\":\"31\",\"fromCity\":\"Brest\",\"toCity\":\"Petrograd\",\"value\":\"20\"},{\"id\":\"39\",\"from\":\"1\",\"to\":\"45\",\"fromCity\":\"Amsterdam\",\"toCity\":\"Wilno\",\"value\":\"12\"},{\"id\":\"34\",\"from\":\"42\",\"to\":\"12\",\"fromCity\":\"Venezia\",\"toCity\":\"Constantinople\",\"value\":\"10\"},{\"id\":\"1\",\"from\":\"3\",\"to\":\"2\",\"fromCity\":\"Athina\",\"toCity\":\"Angora\",\"value\":\"5\"},{\"id\":\"15\",\"from\":\"1\",\"to\":\"29\",\"fromCity\":\"Amsterdam\",\"toCity\":\"Pamplona\",\"value\":\"7\"},{\"id\":\"35\",\"from\":\"23\",\"to\":\"44\",\"fromCity\":\"London\",\"toCity\":\"Wien\",\"value\":\"10\"},{\"id\":\"25\",\"from\":\"25\",\"to\":\"17\",\"fromCity\":\"Marseille\",\"toCity\":\"Essen\",\"value\":\"8\"},{\"id\":\"28\",\"from\":\"5\",\"to\":\"9\",\"fromCity\":\"Berlin\",\"toCity\":\"Bucuresti\",\"value\":\"8\"},{\"id\":\"43\",\"from\":\"28\",\"to\":\"26\",\"fromCity\":\"Palermo\",\"toCity\":\"Moskva\",\"value\":\"20\"},{\"id\":\"6\",\"from\":\"21\",\"to\":\"31\",\"fromCity\":\"Kyiv\",\"toCity\":\"Petrograd\",\"value\":\"6\"},{\"id\":\"31\",\"from\":\"2\",\"to\":\"19\",\"fromCity\":\"Angora\",\"toCity\":\"Kharkov\",\"value\":\"10\"},{\"id\":\"9\",\"from\":\"43\",\"to\":\"37\",\"fromCity\":\"Warszawa\",\"toCity\":\"Smolensk\",\"value\":\"6\"},{\"id\":\"41\",\"from\":\"22\",\"to\":\"13\",\"fromCity\":\"Lisboa\",\"toCity\":\"Danzig\",\"value\":\"20\"},{\"id\":\"4\",\"from\":\"34\",\"to\":\"16\",\"fromCity\":\"Rostov\",\"toCity\":\"Erzurum\",\"value\":\"5\"},{\"id\":\"33\",\"from\":\"17\",\"to\":\"21\",\"fromCity\":\"Essen\",\"toCity\":\"Kyiv\",\"value\":\"10\"},{\"id\":\"17\",\"from\":\"28\",\"to\":\"12\",\"fromCity\":\"Palermo\",\"toCity\":\"Constantinople\",\"value\":\"8\"},{\"id\":\"37\",\"from\":\"41\",\"to\":\"44\",\"fromCity\":\"Stockholm\",\"toCity\":\"Wien\",\"value\":\"11\"},{\"id\":\"29\",\"from\":\"8\",\"to\":\"13\",\"fromCity\":\"Bruxelles\",\"toCity\":\"Danzig\",\"value\":\"9\"},{\"id\":\"32\",\"from\":\"32\",\"to\":\"9\",\"fromCity\":\"Riga\",\"toCity\":\"Bucuresti\",\"value\":\"10\"},{\"id\":\"30\",\"from\":\"5\",\"to\":\"33\",\"fromCity\":\"Berlin\",\"toCity\":\"Roma\",\"value\":\"9\"},{\"id\":\"21\",\"from\":\"30\",\"to\":\"44\",\"fromCity\":\"Paris\",\"toCity\":\"Wien\",\"value\":\"8\"},{\"id\":\"36\",\"from\":\"3\",\"to\":\"45\",\"fromCity\":\"Athina\",\"toCity\":\"Wilno\",\"value\":\"11\"},{\"id\":\"40\",\"from\":\"18\",\"to\":\"37\",\"fromCity\":\"Frankfurt\",\"toCity\":\"Smolensk\",\"value\":\"13\"},{\"id\":\"10\",\"from\":\"46\",\"to\":\"7\",\"fromCity\":\"Zagrab\",\"toCity\":\"Brindisi\",\"value\":\"6\"},{\"id\":\"24\",\"from\":\"37\",\"to\":\"34\",\"fromCity\":\"Smolensk\",\"toCity\":\"Rostov\",\"value\":\"8\"},{\"id\":\"23\",\"from\":\"6\",\"to\":\"42\",\"fromCity\":\"Brest\",\"toCity\":\"Venezia\",\"value\":\"8\"},{\"id\":\"2\",\"from\":\"10\",\"to\":\"40\",\"fromCity\":\"Budapest\",\"toCity\":\"Sofia\",\"value\":\"5\"},{\"id\":\"11\",\"from\":\"30\",\"to\":\"46\",\"fromCity\":\"Paris\",\"toCity\":\"Zagrab\",\"value\":\"7\"},{\"id\":\"7\",\"from\":\"47\",\"to\":\"7\",\"fromCity\":\"Zurich\",\"toCity\":\"Brindisi\",\"value\":\"6\"},{\"id\":\"44\",\"from\":\"20\",\"to\":\"16\",\"fromCity\":\"Kobenhavn\",\"toCity\":\"Erzurum\",\"value\":\"21\"},{\"id\":\"12\",\"from\":\"6\",\"to\":\"25\",\"fromCity\":\"Brest\",\"toCity\":\"Marseille\",\"value\":\"7\"},{\"id\":\"3\",\"from\":\"18\",\"to\":\"20\",\"fromCity\":\"Frankfurt\",\"toCity\":\"Kobenhavn\",\"value\":\"5\"},{\"id\":\"13\",\"from\":\"23\",\"to\":\"5\",\"fromCity\":\"London\",\"toCity\":\"Berlin\",\"value\":\"7\"},{\"id\":\"22\",\"from\":\"4\",\"to\":\"27\",\"fromCity\":\"Barcelona\",\"toCity\":\"Munchen\",\"value\":\"8\"}],\"longDestinations\":[],\"onBoardCards\":[\"Joker\",\"Blue\",\"Red\",\"Orange\",\"White\"],\"currentPlayer\":1,\"playerGoals\":[[{\"id\":\"45\",\"from\":\"15\",\"to\":\"3\",\"fromCity\":\"Edinburgh\",\"toCity\":\"Athina\",\"value\":\"21\",\"completed\":false},{\"id\":\"20\",\"from\":\"4\",\"to\":\"8\",\"fromCity\":\"Barcelona\",\"toCity\":\"Bruxelles\",\"value\":\"8\",\"completed\":false},{\"id\":\"27\",\"from\":\"24\",\"to\":\"47\",\"fromCity\":\"Madrid\",\"toCity\":\"Zurich\",\"value\":\"8\",\"completed\":false},{\"id\":\"14\",\"from\":\"15\",\"to\":\"30\",\"fromCity\":\"Edinburgh\",\"toCity\":\"Paris\",\"value\":\"7\",\"completed\":false}],[{\"id\":\"46\",\"from\":\"11\",\"to\":\"41\",\"fromCity\":\"Cadiz\",\"toCity\":\"Stockholm\",\"value\":\"21\",\"completed\":false},{\"id\":\"38\",\"from\":\"5\",\"to\":\"26\",\"fromCity\":\"Berlin\",\"toCity\":\"Moskva\",\"value\":\"12\",\"completed\":false},{\"id\":\"8\",\"from\":\"47\",\"to\":\"10\",\"fromCity\":\"Zurich\",\"toCity\":\"Budapest\",\"value\":\"6\",\"completed\":false},{\"id\":\"19\",\"from\":\"24\",\"to\":\"14\",\"fromCity\":\"Madrid\",\"toCity\":\"Dieppe\",\"value\":\"8\",\"completed\":false}]],\"playerGoalOptions\":[[{\"id\":\"20\",\"from\":\"4\",\"to\":\"8\",\"fromCity\":\"Barcelona\",\"toCity\":\"Bruxelles\",\"value\":\"8\",\"completed\":false},{\"id\":\"27\",\"from\":\"24\",\"to\":\"47\",\"fromCity\":\"Madrid\",\"toCity\":\"Zurich\",\"value\":\"8\",\"completed\":false},{\"id\":\"14\",\"from\":\"15\",\"to\":\"30\",\"fromCity\":\"Edinburgh\",\"toCity\":\"Paris\",\"value\":\"7\",\"completed\":false}],[{\"id\":\"38\",\"from\":\"5\",\"to\":\"26\",\"fromCity\":\"Berlin\",\"toCity\":\"Moskva\",\"value\":\"12\",\"completed\":false},{\"id\":\"8\",\"from\":\"47\",\"to\":\"10\",\"fromCity\":\"Zurich\",\"toCity\":\"Budapest\",\"value\":\"6\",\"completed\":false},{\"id\":\"19\",\"from\":\"24\",\"to\":\"14\",\"fromCity\":\"Madrid\",\"toCity\":\"Dieppe\",\"value\":\"8\",\"completed\":false}]],\"gameState\":\"IN_GAME\",\"drawedCards\":0,\"selectedGoalIndex\":0,\"hoveredData\":{\"fromCity\":\"\",\"toCity\":\"\"},\"selectedFirstCity\":\"\",\"neighbourCities\":[],\"buyingArrays\":[{\"city\":\"Danzig\",\"options\":[[{\"color\":\"black\",\"count\":3},{\"color\":\"Joker\",\"count\":0}]],\"color\":\"black\"}],\"openBuyingOptions\":false,\"buyingOpts\":[],\"playerLines\":[[{\"fromCity\":\"Berlin\",\"toCity\":\"Warszawa\",\"color\":\"Purple\",\"trainColor\":\"yellow\"},{\"fromCity\":\"Angora\",\"toCity\":\"Erzurum\",\"color\":\"Purple\",\"trainColor\":\"black\"},{\"fromCity\":\"Wilno\",\"toCity\":\"Smolensk\",\"color\":\"Purple\",\"trainColor\":\"yellow\"},{\"fromCity\":\"Lisboa\",\"toCity\":\"Cadiz\",\"color\":\"Purple\",\"trainColor\":\"blue\"},{\"fromCity\":\"Frankfurt\",\"toCity\":\"Paris\",\"color\":\"Purple\",\"trainColor\":\"white\"},{\"fromCity\":\"Angora\",\"toCity\":\"Smyrna\",\"color\":\"Purple\",\"trainColor\":\"orange\"},{\"fromCity\":\"Rostov\",\"toCity\":\"Kharkov\",\"color\":\"Purple\",\"trainColor\":\"green\"},{\"fromCity\":\"Dieppe\",\"toCity\":\"Paris\",\"color\":\"Purple\",\"trainColor\":\"purple\"},{\"fromCity\":\"Riga\",\"toCity\":\"Danzig\",\"color\":\"Purple\",\"trainColor\":\"black\"}],[{\"fromCity\":\"Venezia\",\"toCity\":\"Munchen\",\"color\":\"Green\",\"trainColor\":\"blue\"},{\"fromCity\":\"Zagrab\",\"toCity\":\"Sarajevo\",\"color\":\"Green\",\"trainColor\":\"red\"},{\"fromCity\":\"Madrid\",\"toCity\":\"Pamplona\",\"color\":\"Green\",\"trainColor\":\"black\"},{\"fromCity\":\"Kobenhavn\",\"toCity\":\"Stockholm\",\"color\":\"Green\",\"trainColor\":\"white\"},{\"fromCity\":\"Cadiz\",\"toCity\":\"Madrid\",\"color\":\"Green\",\"trainColor\":\"orange\"},{\"fromCity\":\"Sofia\",\"toCity\":\"Athina\",\"color\":\"Green\",\"trainColor\":\"purple\"},{\"fromCity\":\"Marseille\",\"toCity\":\"Zurich\",\"color\":\"Green\",\"trainColor\":\"purple\"}]],\"isHovering\":false,\"playerInfos\":[{\"name\":\"Player1\",\"playerColor\":\"Purple\",\"playerScore\":32,\"playerTrainCount\":21,\"rounds\":23,\"seed\":2664},{\"name\":\"Player2\",\"playerColor\":\"Green\",\"playerScore\":24,\"playerTrainCount\":26,\"rounds\":22,\"seed\":412}],\"bigLineData\":[[{\"data\":[\"Berlin\",\"Warszawa\"],\"value\":4},{\"data\":[\"Angora\",\"Erzurum\",\"Smyrna\"],\"value\":6},{\"data\":[\"Wilno\",\"Smolensk\"],\"value\":3},{\"data\":[\"Lisboa\",\"Cadiz\"],\"value\":2},{\"data\":[\"Frankfurt\",\"Paris\",\"Dieppe\"],\"value\":4},{\"data\":[\"Rostov\",\"Kharkov\"],\"value\":2},{\"data\":[\"Riga\",\"Danzig\"],\"value\":3}],[{\"data\":[\"Venezia\",\"Munchen\"],\"value\":2},{\"data\":[\"Zagrab\",\"Sarajevo\"],\"value\":3},{\"data\":[\"Madrid\",\"Pamplona\",\"Cadiz\"],\"value\":6},{\"data\":[\"Kobenhavn\",\"Stockholm\"],\"value\":3},{\"data\":[\"Sofia\",\"Athina\"],\"value\":3},{\"data\":[\"Marseille\",\"Zurich\"],\"value\":2}]],\"remainingRounds\":null,\"showCompleted\":[],\"throwDeck\":[\"Blue\",\"Blue\",\"Yellow\",\"Yellow\",\"Yellow\",\"Yellow\",\"Red\",\"Red\",\"Red\",\"Black\",\"Black\",\"Joker\",\"Black\",\"Black\",\"Joker\",\"Yellow\",\"Yellow\",\"Yellow\",\"White\",\"White\",\"White\",\"Blue\",\"Blue\",\"Orange\",\"Orange\",\"Orange\",\"Purple\",\"Joker\",\"Joker\",\"White\",\"White\",\"White\",\"Orange\",\"Orange\",\"Orange\",\"Green\",\"Green\",\"Purple\",\"Purple\",\"Purple\",\"Black\",\"Black\",\"Black\"]}}"
}