{
	"payload": "[{\"type\":\"data/selectFirstCity\",\"payload\":\"Marseille\"},{\"type\":\"data/selectFirstCity\",\"payload\":\"Marseille\"},{\"type\":\"data/drawCardToBoard\",\"payload\":{\"idx\":2,\"color\":\"Blue\"}},{\"type\":\"data/selectFirstCity\",\"payload\":\"Marseille\"},{\"type\":\"data/selectFirstCity\",\"payload\":\"Marseille\"},{\"type\":\"data/selectFirstCity\",\"payload\":\"London\"},{\"type\":\"data/selectFirstCity\",\"payload\":\"London\"},{\"type\":\"data/selectFirstCity\",\"payload\":\"London\"},{\"type\":\"data/selectFirstCity\",\"payload\":\"London\"},{\"type\":\"data/drawCardToBoard\",\"payload\":{\"idx\":4,\"color\":\"Joker\"}},{\"type\":\"data/selectFirstCity\",\"payload\":\"Marseille\"},{\"type\":\"data/selectFirstCity\",\"payload\":\"Marseille\"},{\"type\":\"data/selectFirstCity\",\"payload\":\"Warszawa\"},{\"type\":\"data/selectFirstCity\",\"payload\":\"Warszawa\"},{\"type\":\"data/hoveringGoal\",\"payload\":true},{\"type\":\"data/stepSelectedGoalIndex\",\"payload\":1},{\"type\":\"data/stepSelectedGoalIndex\",\"payload\":1},{\"type\":\"data/stepSelectedGoalIndex\",\"payload\":1},{\"type\":\"data/hoveringGoal\",\"payload\":false},{\"type\":\"data/selectFirstCity\",\"payload\":\"Roma\"},{\"type\":\"data/selectSecondCity\",\"payload\":\"Venezia\"},{\"type\":\"data/build\",\"payload\":{\"i\":0,\"j\":0,\"color\":\"black\"}},{\"type\":\"data/hoveringGoal\",\"payload\":true},{\"type\":\"data/stepSelectedGoalIndex\",\"payload\":1},{\"type\":\"data/stepSelectedGoalIndex\",\"payload\":1},{\"type\":\"data/stepSelectedGoalIndex\",\"payload\":1},{\"type\":\"data/hoveringGoal\",\"payload\":false},{\"type\":\"data/selectFirstCity\",\"payload\":\"Essen\"},{\"type\":\"data/selectSecondCity\",\"payload\":\"Kobenhavn\"},{\"type\":\"data/build\",\"payload\":{\"i\":0,\"j\":0,\"color\":\"gray\"}},{\"type\":\"data/selectFirstCity\",\"payload\":\"Berlin\"},{\"type\":\"data/selectSecondCity\",\"payload\":\"Danzig\"},{\"type\":\"data/build\",\"payload\":{\"i\":0,\"j\":0,\"color\":\"gray\"}},{\"type\":\"data/selectFirstCity\",\"payload\":\"Essen\"},{\"type\":\"data/selectSecondCity\",\"payload\":\"Frankfurt\"},{\"type\":\"data/build\",\"payload\":{\"i\":0,\"j\":0,\"color\":\"green\"}},{\"type\":\"data/selectFirstCity\",\"payload\":\"Venezia\"},{\"type\":\"data/selectSecondCity\",\"payload\":\"Munchen\"},{\"type\":\"data/build\",\"payload\":{\"i\":0,\"j\":0,\"color\":\"blue\"}},{\"type\":\"data/hoveringGoal\",\"payload\":true},{\"type\":\"data/stepSelectedGoalIndex\",\"payload\":1},{\"type\":\"data/stepSelectedGoalIndex\",\"payload\":1},{\"type\":\"data/stepSelectedGoalIndex\",\"payload\":1},{\"type\":\"data/stepSelectedGoalIndex\",\"payload\":1},{\"type\":\"data/stepSelectedGoalIndex\",\"payload\":1},{\"type\":\"data/stepSelectedGoalIndex\",\"payload\":1},{\"type\":\"data/stepSelectedGoalIndex\",\"payload\":1},{\"type\":\"data/stepSelectedGoalIndex\",\"payload\":1},{\"type\":\"data/hoveringGoal\",\"payload\":false}]",
	"preloadedState": "{\"data\":{\"colors\":[\"Purple\",\"Green\",\"Blue\",\"Yellow\",\"Red\",\"Joker\",\"Orange\",\"White\",\"Black\"],\"playerCount\":2,\"playerHands\":[[{\"color\":\"Purple\",\"count\":2},{\"color\":\"Green\",\"count\":4},{\"color\":\"Blue\",\"count\":1},{\"color\":\"Yellow\",\"count\":1},{\"color\":\"Red\",\"count\":1},{\"color\":\"Joker\",\"count\":0},{\"color\":\"Orange\",\"count\":0},{\"color\":\"White\",\"count\":1},{\"color\":\"Black\",\"count\":3}],[{\"color\":\"Purple\",\"count\":5},{\"color\":\"Green\",\"count\":1},{\"color\":\"Blue\",\"count\":0},{\"color\":\"Yellow\",\"count\":1},{\"color\":\"Red\",\"count\":2},{\"color\":\"Joker\",\"count\":1},{\"color\":\"Orange\",\"count\":0},{\"color\":\"White\",\"count\":0},{\"color\":\"Black\",\"count\":2}]],\"trainCards\":[\"Black\",\"Blue\",\"Orange\",\"Joker\",\"Orange\",\"White\",\"Black\",\"Black\",\"Blue\",\"Orange\",\"Green\",\"Orange\",\"White\",\"Purple\",\"Yellow\",\"Orange\",\"White\",\"Green\",\"Blue\",\"Yellow\",\"Orange\",\"Purple\",\"Joker\",\"Green\",\"Green\",\"Red\",\"Green\",\"Green\",\"Blue\",\"Purple\",\"Yellow\",\"Joker\",\"Blue\",\"Yellow\",\"Joker\",\"White\",\"Blue\",\"Red\",\"Yellow\",\"Green\",\"Orange\",\"Purple\",\"Green\",\"White\",\"Joker\",\"Red\",\"Joker\",\"Purple\",\"Orange\",\"Yellow\",\"Blue\",\"Orange\",\"Yellow\",\"Yellow\",\"Red\",\"Yellow\",\"Blue\",\"Black\",\"Orange\",\"Red\",\"Yellow\",\"White\",\"White\",\"Red\",\"Red\",\"Orange\",\"Red\",\"Black\",\"Blue\",\"Joker\",\"Red\",\"Blue\",\"Black\",\"White\",\"White\"],\"destinations\":[{\"id\":\"11\",\"from\":\"30\",\"to\":\"46\",\"fromCity\":\"Paris\",\"toCity\":\"Zagrab\",\"value\":\"7\"},{\"id\":\"1\",\"from\":\"3\",\"to\":\"2\",\"fromCity\":\"Athina\",\"toCity\":\"Angora\",\"value\":\"5\"},{\"id\":\"26\",\"from\":\"21\",\"to\":\"39\",\"fromCity\":\"Kyiv\",\"toCity\":\"Sochi\",\"value\":\"8\"},{\"id\":\"17\",\"from\":\"28\",\"to\":\"12\",\"fromCity\":\"Palermo\",\"toCity\":\"Constantinople\",\"value\":\"8\"},{\"id\":\"38\",\"from\":\"5\",\"to\":\"26\",\"fromCity\":\"Berlin\",\"toCity\":\"Moskva\",\"value\":\"12\"},{\"id\":\"8\",\"from\":\"47\",\"to\":\"10\",\"fromCity\":\"Zurich\",\"toCity\":\"Budapest\",\"value\":\"6\"},{\"id\":\"33\",\"from\":\"17\",\"to\":\"21\",\"fromCity\":\"Essen\",\"toCity\":\"Kyiv\",\"value\":\"10\"},{\"id\":\"24\",\"from\":\"37\",\"to\":\"34\",\"fromCity\":\"Smolensk\",\"toCity\":\"Rostov\",\"value\":\"8\"},{\"id\":\"9\",\"from\":\"43\",\"to\":\"37\",\"fromCity\":\"Warszawa\",\"toCity\":\"Smolensk\",\"value\":\"6\"},{\"id\":\"40\",\"from\":\"18\",\"to\":\"37\",\"fromCity\":\"Frankfurt\",\"toCity\":\"Smolensk\",\"value\":\"13\"},{\"id\":\"34\",\"from\":\"42\",\"to\":\"12\",\"fromCity\":\"Venezia\",\"toCity\":\"Constantinople\",\"value\":\"10\"},{\"id\":\"14\",\"from\":\"15\",\"to\":\"30\",\"fromCity\":\"Edinburgh\",\"toCity\":\"Paris\",\"value\":\"7\"},{\"id\":\"41\",\"from\":\"22\",\"to\":\"13\",\"fromCity\":\"Lisboa\",\"toCity\":\"Danzig\",\"value\":\"20\"},{\"id\":\"37\",\"from\":\"41\",\"to\":\"44\",\"fromCity\":\"Stockholm\",\"toCity\":\"Wien\",\"value\":\"11\"},{\"id\":\"31\",\"from\":\"2\",\"to\":\"19\",\"fromCity\":\"Angora\",\"toCity\":\"Kharkov\",\"value\":\"10\"},{\"id\":\"4\",\"from\":\"34\",\"to\":\"16\",\"fromCity\":\"Rostov\",\"toCity\":\"Erzurum\",\"value\":\"5\"},{\"id\":\"6\",\"from\":\"21\",\"to\":\"31\",\"fromCity\":\"Kyiv\",\"toCity\":\"Petrograd\",\"value\":\"6\"},{\"id\":\"21\",\"from\":\"30\",\"to\":\"44\",\"fromCity\":\"Paris\",\"toCity\":\"Wien\",\"value\":\"8\"},{\"id\":\"2\",\"from\":\"10\",\"to\":\"40\",\"fromCity\":\"Budapest\",\"toCity\":\"Sofia\",\"value\":\"5\"},{\"id\":\"32\",\"from\":\"32\",\"to\":\"9\",\"fromCity\":\"Riga\",\"toCity\":\"Bucuresti\",\"value\":\"10\"},{\"id\":\"22\",\"from\":\"4\",\"to\":\"27\",\"fromCity\":\"Barcelona\",\"toCity\":\"Munchen\",\"value\":\"8\"},{\"id\":\"36\",\"from\":\"3\",\"to\":\"45\",\"fromCity\":\"Athina\",\"toCity\":\"Wilno\",\"value\":\"11\"},{\"id\":\"19\",\"from\":\"24\",\"to\":\"14\",\"fromCity\":\"Madrid\",\"toCity\":\"Dieppe\",\"value\":\"8\"},{\"id\":\"39\",\"from\":\"1\",\"to\":\"45\",\"fromCity\":\"Amsterdam\",\"toCity\":\"Wilno\",\"value\":\"12\"},{\"id\":\"42\",\"from\":\"6\",\"to\":\"31\",\"fromCity\":\"Brest\",\"toCity\":\"Petrograd\",\"value\":\"20\"},{\"id\":\"16\",\"from\":\"33\",\"to\":\"38\",\"fromCity\":\"Roma\",\"toCity\":\"Smyrna\",\"value\":\"8\"},{\"id\":\"45\",\"from\":\"15\",\"to\":\"3\",\"fromCity\":\"Edinburgh\",\"toCity\":\"Athina\",\"value\":\"21\"},{\"id\":\"25\",\"from\":\"25\",\"to\":\"17\",\"fromCity\":\"Marseille\",\"toCity\":\"Essen\",\"value\":\"8\"},{\"id\":\"12\",\"from\":\"6\",\"to\":\"25\",\"fromCity\":\"Brest\",\"toCity\":\"Marseille\",\"value\":\"7\"},{\"id\":\"46\",\"from\":\"11\",\"to\":\"41\",\"fromCity\":\"Cadiz\",\"toCity\":\"Stockholm\",\"value\":\"21\"},{\"id\":\"15\",\"from\":\"1\",\"to\":\"29\",\"fromCity\":\"Amsterdam\",\"toCity\":\"Pamplona\",\"value\":\"7\"},{\"id\":\"23\",\"from\":\"6\",\"to\":\"42\",\"fromCity\":\"Brest\",\"toCity\":\"Venezia\",\"value\":\"8\"},{\"id\":\"5\",\"from\":\"40\",\"to\":\"38\",\"fromCity\":\"Sofia\",\"toCity\":\"Smyrna\",\"value\":\"5\"},{\"id\":\"7\",\"from\":\"47\",\"to\":\"7\",\"fromCity\":\"Zurich\",\"toCity\":\"Brindisi\",\"value\":\"6\"},{\"id\":\"28\",\"from\":\"5\",\"to\":\"9\",\"fromCity\":\"Berlin\",\"toCity\":\"Bucuresti\",\"value\":\"8\"},{\"id\":\"10\",\"from\":\"46\",\"to\":\"7\",\"fromCity\":\"Zagrab\",\"toCity\":\"Brindisi\",\"value\":\"6\"},{\"id\":\"13\",\"from\":\"23\",\"to\":\"5\",\"fromCity\":\"London\",\"toCity\":\"Berlin\",\"value\":\"7\"},{\"id\":\"27\",\"from\":\"24\",\"to\":\"47\",\"fromCity\":\"Madrid\",\"toCity\":\"Zurich\",\"value\":\"8\"}],\"longDestinations\":[],\"onBoardCards\":[\"White\",\"Joker\",\"Blue\",\"Purple\",\"Joker\"],\"currentPlayer\":0,\"playerGoals\":[[{\"id\":\"43\",\"from\":\"28\",\"to\":\"26\",\"fromCity\":\"Palermo\",\"toCity\":\"Moskva\",\"value\":\"20\",\"completed\":false},{\"id\":\"29\",\"from\":\"8\",\"to\":\"13\",\"fromCity\":\"Bruxelles\",\"toCity\":\"Danzig\",\"value\":\"9\",\"completed\":false},{\"id\":\"20\",\"from\":\"4\",\"to\":\"8\",\"fromCity\":\"Barcelona\",\"toCity\":\"Bruxelles\",\"value\":\"8\",\"completed\":false},{\"id\":\"30\",\"from\":\"5\",\"to\":\"33\",\"fromCity\":\"Berlin\",\"toCity\":\"Roma\",\"value\":\"9\",\"completed\":false}],[{\"id\":\"44\",\"from\":\"20\",\"to\":\"16\",\"fromCity\":\"Kobenhavn\",\"toCity\":\"Erzurum\",\"value\":\"21\",\"completed\":false},{\"id\":\"35\",\"from\":\"23\",\"to\":\"44\",\"fromCity\":\"London\",\"toCity\":\"Wien\",\"value\":\"10\",\"completed\":false},{\"id\":\"18\",\"from\":\"35\",\"to\":\"36\",\"fromCity\":\"Sarajevo\",\"toCity\":\"Sevastopol\",\"value\":\"8\",\"completed\":false},{\"id\":\"3\",\"from\":\"18\",\"to\":\"20\",\"fromCity\":\"Frankfurt\",\"toCity\":\"Kobenhavn\",\"value\":\"5\",\"completed\":false}]],\"playerGoalOptions\":[[{\"id\":\"29\",\"from\":\"8\",\"to\":\"13\",\"fromCity\":\"Bruxelles\",\"toCity\":\"Danzig\",\"value\":\"9\",\"completed\":false},{\"id\":\"20\",\"from\":\"4\",\"to\":\"8\",\"fromCity\":\"Barcelona\",\"toCity\":\"Bruxelles\",\"value\":\"8\",\"completed\":false},{\"id\":\"30\",\"from\":\"5\",\"to\":\"33\",\"fromCity\":\"Berlin\",\"toCity\":\"Roma\",\"value\":\"9\",\"completed\":false}],[{\"id\":\"35\",\"from\":\"23\",\"to\":\"44\",\"fromCity\":\"London\",\"toCity\":\"Wien\",\"value\":\"10\",\"completed\":false},{\"id\":\"18\",\"from\":\"35\",\"to\":\"36\",\"fromCity\":\"Sarajevo\",\"toCity\":\"Sevastopol\",\"value\":\"8\",\"completed\":false},{\"id\":\"3\",\"from\":\"18\",\"to\":\"20\",\"fromCity\":\"Frankfurt\",\"toCity\":\"Kobenhavn\",\"value\":\"5\",\"completed\":false}]],\"gameState\":\"IN_GAME\",\"drawedCards\":1,\"selectedGoalIndex\":0,\"hoveredData\":{\"fromCity\":\"\",\"toCity\":\"\"},\"selectedFirstCity\":\"\",\"neighbourCities\":[],\"buyingArrays\":[],\"openBuyingOptions\":false,\"buyingOpts\":[],\"playerLines\":[[],[]],\"isHovering\":false,\"playerInfos\":[{\"name\":\"Player1\",\"playerColor\":\"Purple\",\"playerScore\":0,\"playerTrainCount\":45,\"rounds\":5,\"seed\":308},{\"name\":\"Player2\",\"playerColor\":\"Green\",\"playerScore\":0,\"playerTrainCount\":45,\"rounds\":5,\"seed\":8664}],\"bigLineData\":[[],[]],\"remainingRounds\":null,\"showCompleted\":[],\"throwDeck\":[]}}"
}